name,target,sample_type,binder_len,energy,boltz_ipsae,boltz_iptm,boltz_binder_plddt,af2_ipsae,af2_iptm,af2_binder_plddt
2GDZ_top20_00,2GDZ,top20,74,-0.8826909065246582,0.012881400994956493,0.3951912820339203,53.82533645629883,0.0,0.16102422028779984,32.588687896728516
2GDZ_top20_01,2GDZ,top20,74,-0.9021312713623046,0.5020076632499695,0.7882806062698364,69.6295394897461,0.0,0.14796535298228264,28.837974548339844
2GDZ_top20_02,2GDZ,top20,74,-0.9049340009689331,0.01180002000182867,0.38595128059387207,68.5313720703125,0.0,0.14403042197227478,30.53152084350586
2GDZ_top20_03,2GDZ,top20,74,-0.8773465931415558,0.5704596638679504,0.8310582041740417,55.23580551147461,0.0,0.13596150279045105,28.466903686523438
2GDZ_top20_04,2GDZ,top20,82,-0.8951859891414642,0.01362538617104292,0.4464475214481354,45.38958740234375,0.0,0.1535199135541916,36.93964385986328
2GDZ_top20_05,2GDZ,top20,82,-0.8960298061370849,0.0,0.2212284803390503,48.133323669433594,0.0,0.16202401369810104,38.31643295288086
2GDZ_top20_06,2GDZ,top20,82,-0.8967511296272278,0.0,0.28541895747184753,44.62930679321289,0.0,0.15169254690408707,39.140438079833984
2GDZ_top20_07,2GDZ,top20,82,-0.9009199798107147,0.0,0.22645969688892365,42.5884895324707,0.0,0.14086494222283363,35.17477035522461
2GDZ_top20_08,2GDZ,top20,76,-0.8776834785938263,0.7718889117240906,0.8602399230003357,68.19926452636719,0.0,0.14939820021390915,52.77136421203613
2GDZ_top20_09,2GDZ,top20,73,-0.9024112403392792,0.36971303820610046,0.741265594959259,69.92555236816406,0.0,0.14176831394433975,30.479434967041016
2GDZ_top20_10,2GDZ,top20,77,-0.8810178101062774,0.32193121314048767,0.7226837277412415,58.9882926940918,0.005454040598124266,0.13364392891526222,28.55928897857666
2GDZ_top20_11,2GDZ,top20,74,-0.8774056375026703,0.48158085346221924,0.7898050546646118,50.5232048034668,0.005647771991789341,0.16436955332756042,33.09164810180664
2GDZ_top20_12,2GDZ,top20,74,-0.8535730838775635,0.0,0.23157764971256256,56.324501037597656,0.007958073168992996,0.15324505418539047,37.30887413024902
2GDZ_top20_13,2GDZ,top20,77,-0.8861637055873871,0.027967214584350586,0.5292088985443115,60.10614776611328,0.0,0.1358249932527542,29.526533126831055
2GDZ_top20_14,2GDZ,top20,73,-0.902984893321991,0.011197490617632866,0.3738003373146057,54.261268615722656,0.005861509125679731,0.15705115348100662,35.037821769714355
2GDZ_random_15,2GDZ,random,60,-0.05423663854598999,0.0,0.32908815145492554,50.32081604003906,0.0,0.17418884485960007,52.9625186920166
2GDZ_random_16,2GDZ,random,82,-0.8957405686378479,0.012702403590083122,0.4364548623561859,46.7634162902832,0.0,0.15866132825613022,45.52153396606445
2GDZ_random_17,2GDZ,random,74,-0.896265172958374,0.0,0.29684358835220337,48.256622314453125,0.007882097736001015,0.16471204161643982,36.62543296813965
2GDZ_random_18,2GDZ,random,74,-0.8767589151859283,0.0,0.3556758761405945,41.971412658691406,0.0,0.13483985140919685,28.062740325927734
2GDZ_random_19,2GDZ,random,58,-0.21028854846954348,0.0,0.13573184609413147,70.8767318725586,0.0,0.10997017472982407,48.30890655517578
2GDZ_random_20,2GDZ,random,58,-0.1941865488886833,0.0,0.1594049334526062,50.4278450012207,0.0,0.10446258634328842,85.53293228149414
2GDZ_random_21,2GDZ,random,51,-0.04344470202922821,0.0,0.2165912687778473,34.823570251464844,0.0,0.14941003918647766,42.27033805847168
2GDZ_random_22,2GDZ,random,82,-0.8971695899963379,0.0,0.222491055727005,44.889713287353516,0.0,0.15678387880325317,39.29491424560547
2GDZ_random_23,2GDZ,random,49,-0.03316314816474915,0.012929486110806465,0.4806935489177704,31.942819595336914,0.007108674384653568,0.1949009746313095,35.63994216918945
2GDZ_random_24,2GDZ,random,99,-0.2411579042673111,0.11065661162137985,0.5384987592697144,64.36292266845703,0.0,0.11724456399679184,75.89321899414062
2GDZ_random_25,2GDZ,random,32,-0.037179899215698246,0.012755408883094788,0.584823489189148,41.762901306152344,0.0,0.1293131411075592,34.01097106933594
2GDZ_random_26,2GDZ,random,48,-0.054654049873352054,0.361865371465683,0.6475148797035217,52.27006149291992,0.0,0.12477674335241318,53.393043518066406
2GDZ_random_27,2GDZ,random,101,-0.20807762444019318,0.0,0.21835991740226746,60.91997528076172,0.0,0.11340241879224777,69.45124053955078
2GDZ_random_28,2GDZ,random,107,-0.04972236752510071,0.012807576917111874,0.34991809725761414,64.80156707763672,0.3549927771091461,0.4515743553638458,59.66918182373047
2GDZ_random_29,2GDZ,random,104,-0.13862055689096453,0.04795379936695099,0.42363494634628296,66.03111267089844,0.4032326638698578,0.49089719355106354,61.01387596130371
1TNF_TNF_alpha_top20_00,1TNF_TNF_alpha,top20,55,-0.7595133304595947,0.03577619045972824,0.4269619882106781,53.044219970703125,0.0,0.159705750644207,53.62786102294922
1TNF_TNF_alpha_top20_01,1TNF_TNF_alpha,top20,55,-0.6828111231327056,0.05803544446825981,0.5123850107192993,47.58078384399414,0.008476854301989079,0.1892687901854515,45.724029541015625
1TNF_TNF_alpha_top20_02,1TNF_TNF_alpha,top20,162,-0.5955107986927033,0.0,0.3151487708091736,51.54580307006836,0.0,0.11405923962593079,32.88779926300049
1TNF_TNF_alpha_top20_03,1TNF_TNF_alpha,top20,121,-0.6075154721736908,0.0,0.30568012595176697,79.88062286376953,0.0,0.10823580622673035,32.0929594039917
1TNF_TNF_alpha_top20_04,1TNF_TNF_alpha,top20,129,-0.621201503276825,0.0,0.27376222610473633,76.04148864746094,0.0,0.12073156982660294,28.744417190551758
1TNF_TNF_alpha_top20_05,1TNF_TNF_alpha,top20,129,-0.6856768429279327,0.0,0.2486412674188614,76.02428436279297,0.0,0.13231810927391052,34.404306411743164
1TNF_TNF_alpha_top20_06,1TNF_TNF_alpha,top20,55,-0.6553723275661468,0.015016390010714531,0.4670764207839966,34.15095901489258,0.0,0.12453750148415565,45.93278121948242
1TNF_TNF_alpha_top20_07,1TNF_TNF_alpha,top20,55,-0.6082792639732361,0.33194223046302795,0.7394030094146729,48.69611740112305,0.0,0.14351525530219078,49.40246391296387
1TNF_TNF_alpha_top20_08,1TNF_TNF_alpha,top20,55,-0.7366754949092865,0.013307446613907814,0.38218820095062256,45.30121612548828,0.00934212189167738,0.2698674350976944,54.54746437072754
1TNF_TNF_alpha_top20_09,1TNF_TNF_alpha,top20,55,-0.7419567942619324,0.010845602490007877,0.2574676275253296,37.94308090209961,0.0,0.1394905485212803,52.18036651611328
1TNF_TNF_alpha_top20_10,1TNF_TNF_alpha,top20,162,-0.6019622325897217,0.011552045121788979,0.46280092000961304,44.729835510253906,0.0,0.11390839517116547,33.58513832092285
1TNF_TNF_alpha_top20_11,1TNF_TNF_alpha,top20,55,-0.7401859402656555,0.3505818843841553,0.7104507088661194,59.88307571411133,0.0,0.12735293805599213,53.48818778991699
1TNF_TNF_alpha_top20_12,1TNF_TNF_alpha,top20,162,-0.6039282083511353,0.0,0.1359969675540924,37.59119415283203,0.0,0.1126486174762249,29.811779975891113
1TNF_TNF_alpha_top20_13,1TNF_TNF_alpha,top20,121,-0.6064933240413666,0.0,0.22314606606960297,78.83969116210938,0.0,0.10482468456029892,35.684919357299805
1TNF_TNF_alpha_top20_14,1TNF_TNF_alpha,top20,121,-0.532161432504654,0.047251664102077484,0.5159003138542175,85.93524169921875,0.0,0.11977159231901169,33.58713912963867
1TNF_TNF_alpha_random_15,1TNF_TNF_alpha,random,115,-0.23523860275745392,0.012056314386427402,0.33948948979377747,88.78781127929688,0.0,0.08555568009614944,69.23873329162598
1TNF_TNF_alpha_random_16,1TNF_TNF_alpha,random,44,-0.03364138007164002,0.014425714500248432,0.41319385170936584,45.98649215698242,0.007851488888263702,0.12797081097960472,46.175676345825195
1TNF_TNF_alpha_random_17,1TNF_TNF_alpha,random,129,-0.675930655002594,0.0,0.29083549976348877,69.46358489990234,0.0,0.12933683395385742,34.88443946838379
1TNF_TNF_alpha_random_18,1TNF_TNF_alpha,random,47,-0.038931342959403994,0.25016358494758606,0.6148824095726013,41.841575622558594,0.00803079642355442,0.1410267911851406,48.19392967224121
1TNF_TNF_alpha_random_19,1TNF_TNF_alpha,random,129,-0.07898696660995484,0.0,0.23445826768875122,85.47467041015625,0.0,0.12140821665525436,27.885889053344727
1TNF_TNF_alpha_random_20,1TNF_TNF_alpha,random,82,-0.06683724522590638,0.01201281975954771,0.33158114552497864,40.89212417602539,0.01321827806532383,0.11851956695318222,40.84718894958496
1TNF_TNF_alpha_random_21,1TNF_TNF_alpha,random,121,-0.574320662021637,0.03856305405497551,0.5066527128219604,80.75701904296875,0.0,0.1048203818500042,32.975850105285645
1TNF_TNF_alpha_random_22,1TNF_TNF_alpha,random,121,-0.08596498966217042,0.0,0.21646276116371155,91.37838745117188,0.0,0.1226840689778328,39.7512149810791
1TNF_TNF_alpha_random_23,1TNF_TNF_alpha,random,129,-0.6128342747688293,0.0,0.3150884807109833,83.77500915527344,0.0,0.12683043628931046,32.291791915893555
1TNF_TNF_alpha_random_24,1TNF_TNF_alpha,random,198,-0.0642044484615326,0.0,0.2059677243232727,78.77854919433594,0.0,0.13175605237483978,33.02414608001709
1TNF_TNF_alpha_random_25,1TNF_TNF_alpha,random,156,-0.1738719403743744,0.01306768599897623,0.29814413189888,71.0150146484375,0.0,0.11487298458814621,32.73881435394287
1TNF_TNF_alpha_random_26,1TNF_TNF_alpha,random,53,-0.032666760683059695,0.1804555505514145,0.5880408883094788,38.07755661010742,0.0,0.12897077947854996,36.788198471069336
1TNF_TNF_alpha_random_27,1TNF_TNF_alpha,random,82,-0.05615867972373963,0.4642880856990814,0.8279613852500916,53.240203857421875,0.0,0.09891577810049057,54.74142074584961
1TNF_TNF_alpha_random_28,1TNF_TNF_alpha,random,127,-0.05685586333274842,0.012112154625356197,0.428554505109787,62.404239654541016,0.0,0.11073865741491318,32.32365417480469
1TNF_TNF_alpha_random_29,1TNF_TNF_alpha,random,87,-0.028487136960029604,0.6320379376411438,0.8180344700813293,36.48821258544922,0.008957729674875736,0.14872082322835922,33.94120502471924
1YCR_MDM2_top20_00,1YCR_MDM2,top20,170,-0.5591836750507355,0.0,0.46265625953674316,90.75025177001953,0.0,0.0806693434715271,48.927310943603516
1YCR_MDM2_top20_01,1YCR_MDM2,top20,129,-0.45402246713638306,0.0,0.14427760243415833,29.836374282836914,0.0,0.09772235155105591,36.19525146484375
1YCR_MDM2_top20_02,1YCR_MDM2,top20,57,-0.6207500100135803,0.284560889005661,0.5037817358970642,54.42957305908203,0.31101183593273163,0.6055917590856552,49.34804153442383
1YCR_MDM2_top20_03,1YCR_MDM2,top20,121,-0.6935060501098633,0.0,0.18646253645420074,34.568450927734375,0.0,0.11187901347875595,33.07108020782471
1YCR_MDM2_top20_04,1YCR_MDM2,top20,121,-0.7085636377334594,0.012749480083584785,0.32729771733283997,36.61797332763672,0.0,0.10414270684123039,36.43546676635742
1YCR_MDM2_top20_05,1YCR_MDM2,top20,45,-0.4233981519937515,0.6060677170753479,0.7471327185630798,56.0502815246582,0.015238864347338676,0.15661043673753738,39.67244911193848
1YCR_MDM2_top20_06,1YCR_MDM2,top20,101,-0.611557912826538,0.0,0.3707427382469177,91.15705871582031,0.0,0.08314912021160126,34.7723331451416
1YCR_MDM2_top20_07,1YCR_MDM2,top20,57,-0.5909560233354568,0.22500024735927582,0.6051132082939148,45.47480773925781,0.2549675740301609,0.48311804234981537,44.882951736450195
1YCR_MDM2_top20_08,1YCR_MDM2,top20,121,-0.6854160308837891,0.0,0.1787753701210022,32.35081481933594,0.0,0.11077799648046494,35.6668586730957
1YCR_MDM2_top20_09,1YCR_MDM2,top20,57,-0.609811070561409,0.01424796599894762,0.2640511393547058,38.387657165527344,0.48614807426929474,0.7167502343654633,54.007673263549805
1YCR_MDM2_top20_10,1YCR_MDM2,top20,121,-0.6634616613388061,0.1830398291349411,0.6218667030334473,82.83589935302734,0.0,0.10647975280880928,35.41069793701172
1YCR_MDM2_top20_11,1YCR_MDM2,top20,121,-0.546074515581131,0.019915910437703133,0.36624589562416077,87.66422271728516,0.0,0.08787203952670097,34.155945777893066
1YCR_MDM2_top20_12,1YCR_MDM2,top20,57,-0.5943696558475494,0.0669400691986084,0.44907084107398987,42.267784118652344,0.1947207534685731,0.4273149371147156,45.02308464050293
1YCR_MDM2_top20_13,1YCR_MDM2,top20,101,-0.49705979228019714,0.0,0.3263804614543915,89.88027954101562,0.0,0.08567772805690765,34.2216796875
1YCR_MDM2_top20_14,1YCR_MDM2,top20,49,-0.43249234557151794,0.33651769161224365,0.6394199132919312,45.504642486572266,0.018417557701468468,0.18445663899183273,43.686452865600586
1YCR_MDM2_random_15,1YCR_MDM2,random,92,-0.08942787051200868,0.0,0.22051142156124115,88.75408172607422,0.0,0.06595711410045624,81.54520034790039
1YCR_MDM2_random_16,1YCR_MDM2,random,129,-0.42698970437049866,0.0,0.18762840330600739,31.234315872192383,0.0,0.09656030312180519,33.87020301818848
1YCR_MDM2_random_17,1YCR_MDM2,random,128,-0.08780923262238503,0.013828570023179054,0.41140052676200867,61.41944885253906,0.0,0.0965912938117981,29.51050853729248
1YCR_MDM2_random_18,1YCR_MDM2,random,101,-0.093796025775373,0.011215215548872948,0.32847586274147034,82.7948226928711,0.0,0.08124291710555553,33.35409927368164
1YCR_MDM2_random_19,1YCR_MDM2,random,129,-0.3655681908130646,0.012284412048757076,0.3140888512134552,34.977169036865234,0.0,0.10171815752983093,34.54296684265137
1YCR_MDM2_random_20,1YCR_MDM2,random,204,-0.04607018828392029,0.0,0.1831514835357666,52.01609420776367,0.0,0.13173409178853035,41.70867919921875
1YCR_MDM2_random_21,1YCR_MDM2,random,82,-0.24126142561435698,0.0,0.0736745223402977,46.587493896484375,0.0,0.06501683965325356,46.54299545288086
1YCR_MDM2_random_22,1YCR_MDM2,random,57,-0.03958379626274109,0.014875052496790886,0.4289560914039612,39.423973083496094,0.0,0.06836774200201035,40.63063621520996
1YCR_MDM2_random_23,1YCR_MDM2,random,72,-0.04113644659519196,0.0,0.10946570336818695,35.92827606201172,0.0,0.06852759420871735,40.75165939331055
1YCR_MDM2_random_24,1YCR_MDM2,random,111,-0.05273500084877014,0.0,0.3515715003013611,71.10684204101562,0.0,0.07228492014110088,59.033010482788086
1YCR_MDM2_random_25,1YCR_MDM2,random,196,-0.5918005228042602,0.0,0.2526293992996216,92.77900695800781,0.0,0.09195803478360176,49.74626541137695
1YCR_MDM2_random_26,1YCR_MDM2,random,82,-0.05648690462112427,0.0,0.12814325094223022,58.47928237915039,0.0,0.07055692002177238,47.87771415710449
1YCR_MDM2_random_27,1YCR_MDM2,random,82,-0.0545714557170868,0.0,0.2203095406293869,51.13637924194336,0.0,0.06159262917935848,46.18393325805664
1YCR_MDM2_random_28,1YCR_MDM2,random,134,-0.41452059149742126,0.012441285885870457,0.4364067316055298,92.55265045166016,0.0,0.07686970755457878,69.44619178771973
1YCR_MDM2_random_29,1YCR_MDM2,random,57,-0.0710022509098053,0.01497584767639637,0.37347736954689026,61.6962776184082,0.0,0.06327874585986137,64.29067420959473
2VSM_nipah_top20_00,2VSM_nipah,top20,104,-0.20481227189302445,0.0,0.40253448486328125,92.71227264404297,0.0,0.1350405290722847,91.63068771362305
2VSM_nipah_top20_01,2VSM_nipah,top20,124,-0.3546035557985306,0.0,0.5331588387489319,33.89992141723633,0.0,0.1457248479127884,27.03367042541504
2VSM_nipah_top20_02,2VSM_nipah,top20,121,-0.4473904013633728,0.6174734830856323,0.7993100881576538,88.09378814697266,0.0,0.14756125211715698,34.61064147949219
2VSM_nipah_top20_03,2VSM_nipah,top20,129,-0.29691181778907777,0.011968395672738552,0.506587564945221,81.64705657958984,0.0,0.15148968994617462,29.921798706054688
2VSM_nipah_top20_04,2VSM_nipah,top20,121,-0.31411354839801786,0.0,0.21264562010765076,87.96925354003906,0.0,0.14815987646579742,30.553808212280273
2VSM_nipah_top20_05,2VSM_nipah,top20,121,-0.3393928050994873,0.011113123968243599,0.5830621123313904,86.86859893798828,0.0,0.1478569656610489,29.76273536682129
2VSM_nipah_top20_06,2VSM_nipah,top20,90,-0.23940840661525725,0.0,0.17175473272800446,69.5926742553711,0.0,0.15378934144973755,42.66460037231445
2VSM_nipah_top20_07,2VSM_nipah,top20,179,-0.2207458049058914,0.0,0.3544450104236603,58.4505500793457,0.0,0.16396912187337875,33.102654457092285
2VSM_nipah_top20_08,2VSM_nipah,top20,129,-0.27917357087135314,0.5563093423843384,0.768549382686615,82.71857452392578,0.0,0.15322748571634293,27.520010948181152
2VSM_nipah_top20_09,2VSM_nipah,top20,121,-0.39369431138038635,0.05162649601697922,0.6082946062088013,85.13064575195312,0.0,0.1431908681988716,32.930277824401855
2VSM_nipah_top20_10,2VSM_nipah,top20,102,-0.2216986805200577,0.0,0.22165964543819427,90.83049774169922,0.0,0.14491060376167297,72.42352104187012
2VSM_nipah_top20_11,2VSM_nipah,top20,229,-0.3248596012592316,0.0,0.3863922953605652,55.84017562866211,0.0,0.17118925601243973,31.380260467529297
2VSM_nipah_top20_12,2VSM_nipah,top20,174,-0.19177978932857515,0.0,0.250908225774765,72.49984741210938,0.0,0.16270938515663147,39.24181938171387
2VSM_nipah_top20_13,2VSM_nipah,top20,98,-0.19014169573783873,0.0,0.24627302587032318,91.61810302734375,0.0,0.14755038917064667,42.235511779785156
2VSM_nipah_top20_14,2VSM_nipah,top20,144,-0.48785421848297117,0.0,0.41838452219963074,38.86296081542969,0.0,0.15517355501651764,31.941064834594727
2VSM_nipah_random_15,2VSM_nipah,random,51,-0.07578572034835816,0.0,0.5038971900939941,65.8755111694336,0.0,0.13063988462090492,85.19216918945312
2VSM_nipah_random_16,2VSM_nipah,random,229,-0.34576072096824645,0.0,0.4605869948863983,53.67647171020508,0.0,0.17517687380313873,31.605365753173828
2VSM_nipah_random_17,2VSM_nipah,random,151,-0.057256299257278445,0.0,0.2588804066181183,70.32540130615234,0.0,0.1468551643192768,32.025147438049316
2VSM_nipah_random_18,2VSM_nipah,random,234,-0.04008333384990692,0.0,0.200749471783638,82.76663970947266,0.0,0.18365035951137543,75.42966842651367
2VSM_nipah_random_19,2VSM_nipah,random,123,-0.06859828233718872,0.4271068871021271,0.6982102394104004,93.49747467041016,0.0,0.14512424170970917,35.63442420959473
2VSM_nipah_random_20,2VSM_nipah,random,134,-0.28526282906532285,0.0,0.18558235466480255,40.91130065917969,0.0,0.1473228856921196,26.23469352722168
2VSM_nipah_random_21,2VSM_nipah,random,51,-0.07686427235603333,0.6146406531333923,0.8573797941207886,78.4381103515625,0.0,0.1287778615951538,82.5415153503418
2VSM_nipah_random_22,2VSM_nipah,random,85,-0.057443320751190186,0.0,0.32636162638664246,61.59345626831055,0.0,0.13700200989842415,49.834245681762695
2VSM_nipah_random_23,2VSM_nipah,random,129,-0.07672327160835267,0.0,0.35738977789878845,88.448486328125,0.0,0.1493154987692833,28.001567840576172
2VSM_nipah_random_24,2VSM_nipah,random,56,-0.023185093700885773,0.0,0.16144990921020508,52.52589797973633,0.0,0.15203482657670975,34.496116638183594
2VSM_nipah_random_25,2VSM_nipah,random,90,-0.04446189403533936,0.0,0.5147378444671631,58.43754959106445,0.0,0.1449376791715622,49.51567268371582
2VSM_nipah_random_26,2VSM_nipah,random,81,-0.025060126185417177,0.0,0.5015366077423096,36.13096237182617,0.0,0.15630868822336197,32.28593349456787
2VSM_nipah_random_27,2VSM_nipah,random,121,-0.08347814083099366,0.013434465043246746,0.5514345169067383,94.63877868652344,0.0,0.14945057779550552,33.86561107635498
2VSM_nipah_random_28,2VSM_nipah,random,82,-0.06921502947807312,0.0,0.3039607107639313,36.95934295654297,0.0,0.14168821275234222,29.170394897460938
2VSM_nipah_random_29,2VSM_nipah,random,121,-0.08360583782196046,0.0,0.21756313741207123,91.58222961425781,0.0,0.15077397227287292,31.55642318725586
4OYD_epstein_barr_top20_00,4OYD_epstein_barr,top20,107,-0.7078665554523468,0.0,0.10294570028781891,93.7409439086914,0.0,0.09859032928943634,95.41465759277344
4OYD_epstein_barr_top20_01,4OYD_epstein_barr,top20,103,-0.6416166961193085,0.0,0.12856152653694153,44.275238037109375,0.0,0.1130007728934288,32.08740520477295
4OYD_epstein_barr_top20_02,4OYD_epstein_barr,top20,65,-0.6462749421596528,0.49782684445381165,0.7196077108383179,70.19386291503906,0.22116896510124207,0.5141045153141022,46.29868507385254
4OYD_epstein_barr_top20_03,4OYD_epstein_barr,top20,107,-0.7060353577136993,0.0,0.09834617376327515,91.03665161132812,0.0,0.09941539913415909,96.15636825561523
4OYD_epstein_barr_top20_04,4OYD_epstein_barr,top20,65,-0.6352085590362548,0.7299550771713257,0.8198640942573547,61.582820892333984,0.41520655155181885,0.6377822160720825,56.34513854980469
4OYD_epstein_barr_top20_05,4OYD_epstein_barr,top20,129,-0.6718821942806243,0.3806266188621521,0.7195684909820557,83.77074432373047,0.0,0.11294756084680557,32.83531188964844
4OYD_epstein_barr_top20_06,4OYD_epstein_barr,top20,129,-0.6354707241058349,0.11245588213205338,0.5384827852249146,82.84143829345703,0.0,0.11225755512714386,39.25601863861084
4OYD_epstein_barr_top20_07,4OYD_epstein_barr,top20,65,-0.6801300406455993,0.6936221718788147,0.8065664768218994,59.04633331298828,0.30251993983983994,0.5650841146707535,53.62252616882324
4OYD_epstein_barr_top20_08,4OYD_epstein_barr,top20,105,-0.6891952931880951,0.0,0.27191150188446045,93.15398406982422,0.0,0.10264801234006882,95.90536499023438
4OYD_epstein_barr_top20_09,4OYD_epstein_barr,top20,65,-0.7111285746097564,0.5414048433303833,0.7442243695259094,57.59097671508789,0.04639994911849499,0.25952157378196716,38.06908416748047
4OYD_epstein_barr_top20_10,4OYD_epstein_barr,top20,82,-0.7241427540779114,0.03578200563788414,0.5526906847953796,49.30507278442383,0.050888290628790855,0.32686248421669006,46.713571548461914
4OYD_epstein_barr_top20_11,4OYD_epstein_barr,top20,65,-0.6507914394140244,0.7015411853790283,0.8167872428894043,57.7567138671875,0.2890309616923332,0.5585565268993378,52.56893730163574
4OYD_epstein_barr_top20_12,4OYD_epstein_barr,top20,107,-0.6540421426296235,0.0,0.1076655238866806,93.2982177734375,0.0,0.10338413715362549,96.00944519042969
4OYD_epstein_barr_top20_13,4OYD_epstein_barr,top20,82,-0.7700665235519409,0.015462005510926247,0.5340973734855652,57.85848617553711,0.035803692415356636,0.3076196610927582,37.3568115234375
4OYD_epstein_barr_top20_14,4OYD_epstein_barr,top20,82,-0.7916025340557098,0.0,0.20883730053901672,42.278221130371094,0.057799531146883965,0.40754449367523193,37.70546913146973
4OYD_epstein_barr_random_15,4OYD_epstein_barr,random,129,-0.669386339187622,0.015170013532042503,0.3501593768596649,80.56642150878906,0.0,0.1137421503663063,33.34263610839844
4OYD_epstein_barr_random_16,4OYD_epstein_barr,random,129,-0.627310186624527,0.1316964477300644,0.49518436193466187,74.3002700805664,0.0,0.11081989109516144,33.39921760559082
4OYD_epstein_barr_random_17,4OYD_epstein_barr,random,82,-0.052731198072433476,0.0,0.2348574846982956,60.88373565673828,0.0,0.11564730852842331,38.944828033447266
4OYD_epstein_barr_random_18,4OYD_epstein_barr,random,121,-0.6209189116954803,0.3061804473400116,0.6806055307388306,84.10196685791016,0.0,0.10920841246843338,28.853986740112305
4OYD_epstein_barr_random_19,4OYD_epstein_barr,random,64,-0.031942492723464964,0.0,0.15593969821929932,45.076168060302734,0.006972521543502808,0.14660141989588737,39.49021911621094
4OYD_epstein_barr_random_20,4OYD_epstein_barr,random,82,-0.04599472284317017,0.0,0.13955767452716827,59.04633331298828,0.0,0.12471913918852806,44.80192184448242
4OYD_epstein_barr_random_21,4OYD_epstein_barr,random,71,-0.0849546179175377,0.21083450317382812,0.616783082485199,55.8651123046875,0.020264197140932083,0.18335453420877457,35.30637168884277
4OYD_epstein_barr_random_22,4OYD_epstein_barr,random,80,-0.05619107484817505,0.0,0.1848214715719223,61.39508056640625,0.007090663071721792,0.10548722371459007,48.40952682495117
4OYD_epstein_barr_random_23,4OYD_epstein_barr,random,65,-0.7069127321243286,0.6299127340316772,0.7903419137001038,59.680240631103516,0.12666679918766022,0.31102022156119347,41.05483818054199
4OYD_epstein_barr_random_24,4OYD_epstein_barr,random,121,-0.08650190830230714,0.19353638589382172,0.6268760561943054,91.1985092163086,0.0,0.1403399482369423,44.44186019897461
4OYD_epstein_barr_random_25,4OYD_epstein_barr,random,118,-0.08706474304199219,0.0,0.18154193460941315,93.50504302978516,0.0,0.10199263319373131,89.50111770629883
4OYD_epstein_barr_random_26,4OYD_epstein_barr,random,82,-0.056287443637847906,0.016490362584590912,0.3821793794631958,50.15542221069336,0.012123349122703075,0.18003813922405243,31.967159271240234
4OYD_epstein_barr_random_27,4OYD_epstein_barr,random,129,-0.07860423922538758,0.5711784958839417,0.8141164183616638,86.5008316040039,0.0,0.11456701159477234,29.927477836608887
4OYD_epstein_barr_random_28,4OYD_epstein_barr,random,131,-0.07001813054084778,0.4058837890625,0.7434548735618591,80.10379791259766,0.0,0.11470400542020798,31.762001037597656
4OYD_epstein_barr_random_29,4OYD_epstein_barr,random,44,-0.5370516121387482,0.0,0.21577106416225433,43.82262420654297,0.20061180368065834,0.503998413681984,49.20135498046875
4ZQK_PD-L1_top20_00,4ZQK_PD-L1,top20,38,-0.6860928237438202,0.7252766489982605,0.9052777886390686,59.00377655029297,0.0,0.11565123498439789,44.726112365722656
4ZQK_PD-L1_top20_01,4ZQK_PD-L1,top20,93,-0.995738410949707,0.1307869851589203,0.5460590720176697,75.89542388916016,0.0,0.09678251668810844,91.54410934448242
4ZQK_PD-L1_top20_02,4ZQK_PD-L1,top20,42,-0.8285554051399231,0.45190250873565674,0.8283737897872925,56.490989685058594,0.0,0.08140796422958374,42.49053764343262
4ZQK_PD-L1_top20_03,4ZQK_PD-L1,top20,129,-0.6935494124889374,0.2709396779537201,0.6837782263755798,83.90269470214844,0.0,0.09609513729810715,31.998600006103516
4ZQK_PD-L1_top20_04,4ZQK_PD-L1,top20,42,-0.7535822451114654,0.21305090188980103,0.7065420746803284,52.80443572998047,0.0,0.07802510261535645,44.09566116333008
4ZQK_PD-L1_top20_05,4ZQK_PD-L1,top20,121,-0.6343408703804017,0.013880726881325245,0.40438535809516907,89.94377899169922,0.0,0.1120537631213665,30.87406635284424
4ZQK_PD-L1_top20_06,4ZQK_PD-L1,top20,121,-0.7380555212497711,0.0,0.21659883856773376,74.69400024414062,0.0,0.10250459611415863,32.32937145233154
4ZQK_PD-L1_top20_07,4ZQK_PD-L1,top20,42,-0.829506516456604,0.23188626766204834,0.7049713730812073,61.57734680175781,0.0,0.07794541120529175,56.52553749084473
4ZQK_PD-L1_top20_08,4ZQK_PD-L1,top20,129,-0.7483900368213654,0.03700565546751022,0.5090153813362122,86.31468963623047,0.0,0.09524655342102051,31.028377532958984
4ZQK_PD-L1_top20_09,4ZQK_PD-L1,top20,121,-0.7250617563724517,0.0,0.3376968204975128,87.7503662109375,0.0,0.10317153483629227,31.621779441833496
4ZQK_PD-L1_top20_10,4ZQK_PD-L1,top20,42,-0.79796804189682,0.6864743828773499,0.893833577632904,60.92483901977539,0.0,0.0746123231947422,41.54509162902832
4ZQK_PD-L1_top20_11,4ZQK_PD-L1,top20,129,-0.7213059484958648,0.0,0.3866371810436249,84.06273651123047,0.0,0.10027216374874115,32.661911964416504
4ZQK_PD-L1_top20_12,4ZQK_PD-L1,top20,93,-1.0364122450351716,0.3541198968887329,0.7353479266166687,81.54595947265625,0.0,0.09798138588666916,91.01897811889648
4ZQK_PD-L1_top20_13,4ZQK_PD-L1,top20,129,-0.7541759192943573,0.22483713924884796,0.6258658766746521,75.25022888183594,0.0,0.09357300773262978,27.279603958129883
4ZQK_PD-L1_top20_14,4ZQK_PD-L1,top20,129,-0.7073253452777862,0.3725537955760956,0.7482036352157593,84.6299057006836,0.0,0.09682408347725868,29.835637092590332
4ZQK_PD-L1_random_15,4ZQK_PD-L1,random,42,-0.03640795648097992,0.6025041937828064,0.8306260108947754,39.1335563659668,0.0,0.0744495652616024,42.34221267700195
4ZQK_PD-L1_random_16,4ZQK_PD-L1,random,82,-0.6067935228347778,0.013735714368522167,0.47623440623283386,41.82501220703125,0.0,0.10046848654747009,36.82005500793457
4ZQK_PD-L1_random_17,4ZQK_PD-L1,random,82,-0.07646193020045758,0.013088367879390717,0.4504035413265228,40.10636901855469,0.013678894378244877,0.1691470891237259,39.339738845825195
4ZQK_PD-L1_random_18,4ZQK_PD-L1,random,95,-0.7264035642147064,0.0,0.2812533676624298,86.02405548095703,0.0,0.07442935183644295,64.17728805541992
4ZQK_PD-L1_random_19,4ZQK_PD-L1,random,175,-0.05527075529098511,0.0,0.2722419798374176,64.29122924804688,0.0,0.11033662036061287,31.79287338256836
4ZQK_PD-L1_random_20,4ZQK_PD-L1,random,121,-0.3691825091838837,0.013285703025758266,0.4328308403491974,94.7886962890625,0.0,0.1147627905011177,30.7352237701416
4ZQK_PD-L1_random_21,4ZQK_PD-L1,random,82,-0.05347944498062134,0.018103523179888725,0.28440672159194946,50.47160720825195,0.007947842590510845,0.15781906247138977,42.550283432006836
4ZQK_PD-L1_random_22,4ZQK_PD-L1,random,98,-0.0764680027961731,0.0,0.33655956387519836,86.49785614013672,0.0,0.09695949777960777,55.01673698425293
4ZQK_PD-L1_random_23,4ZQK_PD-L1,random,82,-0.05645034313201905,0.016908714547753334,0.41444331407546997,56.65502166748047,0.006711293943226337,0.12522896751761436,42.92908477783203
4ZQK_PD-L1_random_24,4ZQK_PD-L1,random,129,-0.5935741364955902,0.012443103827536106,0.28325486183166504,82.1568374633789,0.0,0.09969856217503548,29.218070030212402
4ZQK_PD-L1_random_25,4ZQK_PD-L1,random,121,-0.6501568198204041,0.24140195548534393,0.6640743017196655,88.67321014404297,0.0,0.1098942831158638,29.894060134887695
4ZQK_PD-L1_random_26,4ZQK_PD-L1,random,82,-0.20655734241008758,0.01409517414867878,0.33940526843070984,41.87948226928711,0.007233044132590294,0.1228531077504158,40.40729904174805
4ZQK_PD-L1_random_27,4ZQK_PD-L1,random,42,-0.03635583221912384,0.1160452663898468,0.6148521304130554,45.637542724609375,0.0,0.1082596592605114,38.57005310058594
4ZQK_PD-L1_random_28,4ZQK_PD-L1,random,121,-0.6309807300567627,0.012531834654510021,0.4934798777103424,85.738525390625,0.0,0.10536788031458855,30.516233444213867
4ZQK_PD-L1_random_29,4ZQK_PD-L1,random,85,-0.06683498620986938,0.0,0.3334445357322693,74.78568267822266,0.0,0.07977119833230972,57.513235092163086
